images,labels
Trout/Trout/00157.png,Trout/TroutGT/00157.png
Trout/Trout/00266.png,Trout/TroutGT/00266.png
Trout/Trout/00273.png,Trout/TroutGT/00273.png
Trout/Trout/00645.png,Trout/TroutGT/00645.png
Trout/Trout/00582.png,Trout/TroutGT/00582.png
Trout/Trout/00169.png,Trout/TroutGT/00169.png
Trout/Trout/00259.png,Trout/TroutGT/00259.png
Trout/Trout/00878.png,Trout/TroutGT/00878.png
Trout/Trout/00588.png,Trout/TroutGT/00588.png
Trout/Trout/00759.png,Trout/TroutGT/00759.png
Trout/Trout/00326.png,Trout/TroutGT/00326.png
Trout/Trout/00850.png,Trout/TroutGT/00850.png
Trout/Trout/00742.png,Trout/TroutGT/00742.png
Trout/Trout/00001.png,Trout/TroutGT/00001.png
Trout/Trout/00953.png,Trout/TroutGT/00953.png
Trout/Trout/00453.png,Trout/TroutGT/00453.png
Trout/Trout/00176.png,Trout/TroutGT/00176.png
Trout/Trout/00452.png,Trout/TroutGT/00452.png
Trout/Trout/00483.png,Trout/TroutGT/00483.png
Trout/Trout/00270.png,Trout/TroutGT/00270.png
Trout/Trout/00067.png,Trout/TroutGT/00067.png
Trout/Trout/00382.png,Trout/TroutGT/00382.png
Trout/Trout/00895.png,Trout/TroutGT/00895.png
Trout/Trout/00801.png,Trout/TroutGT/00801.png
Trout/Trout/00362.png,Trout/TroutGT/00362.png
Trout/Trout/00528.png,Trout/TroutGT/00528.png
Trout/Trout/00223.png,Trout/TroutGT/00223.png
Trout/Trout/00252.png,Trout/TroutGT/00252.png
Trout/Trout/00024.png,Trout/TroutGT/00024.png
Trout/Trout/00609.png,Trout/TroutGT/00609.png
Trout/Trout/00728.png,Trout/TroutGT/00728.png
Trout/Trout/00267.png,Trout/TroutGT/00267.png
Trout/Trout/00102.png,Trout/TroutGT/00102.png
Trout/Trout/00575.png,Trout/TroutGT/00575.png
Trout/Trout/00332.png,Trout/TroutGT/00332.png
Trout/Trout/00901.png,Trout/TroutGT/00901.png
Trout/Trout/00130.png,Trout/TroutGT/00130.png
Trout/Trout/00083.png,Trout/TroutGT/00083.png
Trout/Trout/00605.png,Trout/TroutGT/00605.png
Trout/Trout/00789.png,Trout/TroutGT/00789.png
Trout/Trout/00883.png,Trout/TroutGT/00883.png
Trout/Trout/00078.png,Trout/TroutGT/00078.png
Trout/Trout/00166.png,Trout/TroutGT/00166.png
Trout/Trout/00726.png,Trout/TroutGT/00726.png
Trout/Trout/00952.png,Trout/TroutGT/00952.png
Trout/Trout/00715.png,Trout/TroutGT/00715.png
Trout/Trout/00391.png,Trout/TroutGT/00391.png
Trout/Trout/00199.png,Trout/TroutGT/00199.png
Trout/Trout/00473.png,Trout/TroutGT/00473.png
Trout/Trout/00237.png,Trout/TroutGT/00237.png
Trout/Trout/00059.png,Trout/TroutGT/00059.png
Trout/Trout/00447.png,Trout/TroutGT/00447.png
Trout/Trout/00616.png,Trout/TroutGT/00616.png
Trout/Trout/00422.png,Trout/TroutGT/00422.png
Trout/Trout/00294.png,Trout/TroutGT/00294.png
Trout/Trout/00143.png,Trout/TroutGT/00143.png
Trout/Trout/00672.png,Trout/TroutGT/00672.png
Trout/Trout/00907.png,Trout/TroutGT/00907.png
Trout/Trout/00929.png,Trout/TroutGT/00929.png
Trout/Trout/00806.png,Trout/TroutGT/00806.png
Trout/Trout/00872.png,Trout/TroutGT/00872.png
Trout/Trout/00601.png,Trout/TroutGT/00601.png
Trout/Trout/00708.png,Trout/TroutGT/00708.png
Trout/Trout/00462.png,Trout/TroutGT/00462.png
Trout/Trout/00255.png,Trout/TroutGT/00255.png
Trout/Trout/00224.png,Trout/TroutGT/00224.png
Trout/Trout/00417.png,Trout/TroutGT/00417.png
Trout/Trout/00690.png,Trout/TroutGT/00690.png
Trout/Trout/00104.png,Trout/TroutGT/00104.png
Trout/Trout/00578.png,Trout/TroutGT/00578.png
Trout/Trout/00807.png,Trout/TroutGT/00807.png
Trout/Trout/00025.png,Trout/TroutGT/00025.png
Trout/Trout/00854.png,Trout/TroutGT/00854.png
Trout/Trout/00737.png,Trout/TroutGT/00737.png
Trout/Trout/00824.png,Trout/TroutGT/00824.png
Trout/Trout/00860.png,Trout/TroutGT/00860.png
Trout/Trout/00998.png,Trout/TroutGT/00998.png
Trout/Trout/00339.png,Trout/TroutGT/00339.png
Trout/Trout/00005.png,Trout/TroutGT/00005.png
Trout/Trout/00065.png,Trout/TroutGT/00065.png
Trout/Trout/00349.png,Trout/TroutGT/00349.png
Trout/Trout/00082.png,Trout/TroutGT/00082.png
Trout/Trout/00960.png,Trout/TroutGT/00960.png
Trout/Trout/00635.png,Trout/TroutGT/00635.png
Trout/Trout/00814.png,Trout/TroutGT/00814.png
Trout/Trout/00463.png,Trout/TroutGT/00463.png
Trout/Trout/00425.png,Trout/TroutGT/00425.png
Trout/Trout/00279.png,Trout/TroutGT/00279.png
Trout/Trout/00746.png,Trout/TroutGT/00746.png
Trout/Trout/00341.png,Trout/TroutGT/00341.png
Trout/Trout/00613.png,Trout/TroutGT/00613.png
Trout/Trout/00975.png,Trout/TroutGT/00975.png
Trout/Trout/00440.png,Trout/TroutGT/00440.png
Trout/Trout/00299.png,Trout/TroutGT/00299.png
Trout/Trout/00688.png,Trout/TroutGT/00688.png
Trout/Trout/00328.png,Trout/TroutGT/00328.png
Trout/Trout/00312.png,Trout/TroutGT/00312.png
Trout/Trout/00092.png,Trout/TroutGT/00092.png
Trout/Trout/00701.png,Trout/TroutGT/00701.png
Trout/Trout/00020.png,Trout/TroutGT/00020.png
Trout/Trout/00448.png,Trout/TroutGT/00448.png
Trout/Trout/00851.png,Trout/TroutGT/00851.png
Trout/Trout/00011.png,Trout/TroutGT/00011.png
Trout/Trout/00527.png,Trout/TroutGT/00527.png
Trout/Trout/00867.png,Trout/TroutGT/00867.png
Trout/Trout/00344.png,Trout/TroutGT/00344.png
Trout/Trout/00126.png,Trout/TroutGT/00126.png
Trout/Trout/00238.png,Trout/TroutGT/00238.png
Trout/Trout/00718.png,Trout/TroutGT/00718.png
Trout/Trout/00240.png,Trout/TroutGT/00240.png
Trout/Trout/00696.png,Trout/TroutGT/00696.png
Trout/Trout/00534.png,Trout/TroutGT/00534.png
Trout/Trout/00295.png,Trout/TroutGT/00295.png
Trout/Trout/00977.png,Trout/TroutGT/00977.png
Trout/Trout/00070.png,Trout/TroutGT/00070.png
Trout/Trout/00401.png,Trout/TroutGT/00401.png
Trout/Trout/00280.png,Trout/TroutGT/00280.png
Trout/Trout/00215.png,Trout/TroutGT/00215.png
Trout/Trout/00859.png,Trout/TroutGT/00859.png
Trout/Trout/00455.png,Trout/TroutGT/00455.png
Trout/Trout/00677.png,Trout/TroutGT/00677.png
Trout/Trout/00638.png,Trout/TroutGT/00638.png
Trout/Trout/00361.png,Trout/TroutGT/00361.png
Trout/Trout/00355.png,Trout/TroutGT/00355.png
Trout/Trout/00711.png,Trout/TroutGT/00711.png
Trout/Trout/00993.png,Trout/TroutGT/00993.png
Trout/Trout/00062.png,Trout/TroutGT/00062.png
Trout/Trout/00409.png,Trout/TroutGT/00409.png
Trout/Trout/00794.png,Trout/TroutGT/00794.png
Trout/Trout/00596.png,Trout/TroutGT/00596.png
Trout/Trout/00037.png,Trout/TroutGT/00037.png
Trout/Trout/00393.png,Trout/TroutGT/00393.png
Trout/Trout/00569.png,Trout/TroutGT/00569.png
Trout/Trout/00731.png,Trout/TroutGT/00731.png
Trout/Trout/00586.png,Trout/TroutGT/00586.png
Trout/Trout/00192.png,Trout/TroutGT/00192.png
Trout/Trout/00047.png,Trout/TroutGT/00047.png
Trout/Trout/00053.png,Trout/TroutGT/00053.png
Trout/Trout/00516.png,Trout/TroutGT/00516.png
Trout/Trout/00322.png,Trout/TroutGT/00322.png
Trout/Trout/00466.png,Trout/TroutGT/00466.png
Trout/Trout/00927.png,Trout/TroutGT/00927.png
Trout/Trout/00236.png,Trout/TroutGT/00236.png
Trout/Trout/00522.png,Trout/TroutGT/00522.png
Trout/Trout/00242.png,Trout/TroutGT/00242.png
Trout/Trout/00525.png,Trout/TroutGT/00525.png
Trout/Trout/00849.png,Trout/TroutGT/00849.png
Trout/Trout/00902.png,Trout/TroutGT/00902.png
Trout/Trout/00519.png,Trout/TroutGT/00519.png
Trout/Trout/00919.png,Trout/TroutGT/00919.png
Trout/Trout/00800.png,Trout/TroutGT/00800.png
Trout/Trout/00151.png,Trout/TroutGT/00151.png
Trout/Trout/00606.png,Trout/TroutGT/00606.png
Trout/Trout/00607.png,Trout/TroutGT/00607.png
Trout/Trout/00469.png,Trout/TroutGT/00469.png
Trout/Trout/00414.png,Trout/TroutGT/00414.png
Trout/Trout/00779.png,Trout/TroutGT/00779.png
Trout/Trout/00829.png,Trout/TroutGT/00829.png
Trout/Trout/00602.png,Trout/TroutGT/00602.png
Trout/Trout/00060.png,Trout/TroutGT/00060.png
Trout/Trout/00963.png,Trout/TroutGT/00963.png
Trout/Trout/00744.png,Trout/TroutGT/00744.png
Trout/Trout/00101.png,Trout/TroutGT/00101.png
Trout/Trout/00876.png,Trout/TroutGT/00876.png
Trout/Trout/00476.png,Trout/TroutGT/00476.png
Trout/Trout/00457.png,Trout/TroutGT/00457.png
Trout/Trout/00069.png,Trout/TroutGT/00069.png
Trout/Trout/00553.png,Trout/TroutGT/00553.png
Trout/Trout/00733.png,Trout/TroutGT/00733.png
Trout/Trout/00465.png,Trout/TroutGT/00465.png
Trout/Trout/00331.png,Trout/TroutGT/00331.png
Trout/Trout/00233.png,Trout/TroutGT/00233.png
Trout/Trout/00450.png,Trout/TroutGT/00450.png
Trout/Trout/00310.png,Trout/TroutGT/00310.png
Trout/Trout/00832.png,Trout/TroutGT/00832.png
Trout/Trout/00018.png,Trout/TroutGT/00018.png
Trout/Trout/00650.png,Trout/TroutGT/00650.png
Trout/Trout/00285.png,Trout/TroutGT/00285.png
Trout/Trout/00105.png,Trout/TroutGT/00105.png
Trout/Trout/00262.png,Trout/TroutGT/00262.png
Trout/Trout/00283.png,Trout/TroutGT/00283.png
Trout/Trout/00550.png,Trout/TroutGT/00550.png
Trout/Trout/00985.png,Trout/TroutGT/00985.png
Trout/Trout/00277.png,Trout/TroutGT/00277.png
Trout/Trout/00443.png,Trout/TroutGT/00443.png
Trout/Trout/00633.png,Trout/TroutGT/00633.png
Trout/Trout/00931.png,Trout/TroutGT/00931.png
Trout/Trout/00908.png,Trout/TroutGT/00908.png
Trout/Trout/00444.png,Trout/TroutGT/00444.png
Trout/Trout/00875.png,Trout/TroutGT/00875.png
Trout/Trout/00622.png,Trout/TroutGT/00622.png
Trout/Trout/00783.png,Trout/TroutGT/00783.png
Trout/Trout/00141.png,Trout/TroutGT/00141.png
Trout/Trout/00220.png,Trout/TroutGT/00220.png
Trout/Trout/00074.png,Trout/TroutGT/00074.png
Trout/Trout/00027.png,Trout/TroutGT/00027.png
Trout/Trout/00063.png,Trout/TroutGT/00063.png
Trout/Trout/00395.png,Trout/TroutGT/00395.png
Trout/Trout/00219.png,Trout/TroutGT/00219.png
Trout/Trout/00990.png,Trout/TroutGT/00990.png
Trout/Trout/00841.png,Trout/TroutGT/00841.png
Trout/Trout/00655.png,Trout/TroutGT/00655.png
Trout/Trout/00250.png,Trout/TroutGT/00250.png
Trout/Trout/00739.png,Trout/TroutGT/00739.png
Trout/Trout/00833.png,Trout/TroutGT/00833.png
Trout/Trout/00858.png,Trout/TroutGT/00858.png
Trout/Trout/00114.png,Trout/TroutGT/00114.png
Trout/Trout/00745.png,Trout/TroutGT/00745.png
Trout/Trout/00071.png,Trout/TroutGT/00071.png
Trout/Trout/00965.png,Trout/TroutGT/00965.png
Trout/Trout/00230.png,Trout/TroutGT/00230.png
Trout/Trout/00533.png,Trout/TroutGT/00533.png
Trout/Trout/00014.png,Trout/TroutGT/00014.png
Trout/Trout/00325.png,Trout/TroutGT/00325.png
Trout/Trout/00503.png,Trout/TroutGT/00503.png
Trout/Trout/00584.png,Trout/TroutGT/00584.png
Trout/Trout/00651.png,Trout/TroutGT/00651.png
Trout/Trout/00029.png,Trout/TroutGT/00029.png
Trout/Trout/00081.png,Trout/TroutGT/00081.png
Trout/Trout/00433.png,Trout/TroutGT/00433.png
Trout/Trout/00994.png,Trout/TroutGT/00994.png
Trout/Trout/00272.png,Trout/TroutGT/00272.png
Trout/Trout/00289.png,Trout/TroutGT/00289.png
Trout/Trout/00666.png,Trout/TroutGT/00666.png
Trout/Trout/00505.png,Trout/TroutGT/00505.png
Trout/Trout/00125.png,Trout/TroutGT/00125.png
Trout/Trout/00874.png,Trout/TroutGT/00874.png
Trout/Trout/00263.png,Trout/TroutGT/00263.png
Trout/Trout/00775.png,Trout/TroutGT/00775.png
Trout/Trout/00430.png,Trout/TroutGT/00430.png
Trout/Trout/00146.png,Trout/TroutGT/00146.png
Trout/Trout/00040.png,Trout/TroutGT/00040.png
Trout/Trout/00368.png,Trout/TroutGT/00368.png
Trout/Trout/00987.png,Trout/TroutGT/00987.png
Trout/Trout/00886.png,Trout/TroutGT/00886.png
Trout/Trout/00888.png,Trout/TroutGT/00888.png
Trout/Trout/00612.png,Trout/TroutGT/00612.png
Trout/Trout/00386.png,Trout/TroutGT/00386.png
Trout/Trout/00100.png,Trout/TroutGT/00100.png
Trout/Trout/00631.png,Trout/TroutGT/00631.png
Trout/Trout/00674.png,Trout/TroutGT/00674.png
Trout/Trout/00451.png,Trout/TroutGT/00451.png
Trout/Trout/00593.png,Trout/TroutGT/00593.png
Trout/Trout/00508.png,Trout/TroutGT/00508.png
Trout/Trout/00211.png,Trout/TroutGT/00211.png
Trout/Trout/00786.png,Trout/TroutGT/00786.png
Trout/Trout/00941.png,Trout/TroutGT/00941.png
Trout/Trout/00041.png,Trout/TroutGT/00041.png
Trout/Trout/00271.png,Trout/TroutGT/00271.png
Trout/Trout/00909.png,Trout/TroutGT/00909.png
Trout/Trout/00641.png,Trout/TroutGT/00641.png
Trout/Trout/00753.png,Trout/TroutGT/00753.png
Trout/Trout/00222.png,Trout/TroutGT/00222.png
Trout/Trout/00284.png,Trout/TroutGT/00284.png
Trout/Trout/00557.png,Trout/TroutGT/00557.png
Trout/Trout/00762.png,Trout/TroutGT/00762.png
Trout/Trout/00153.png,Trout/TroutGT/00153.png
Trout/Trout/00853.png,Trout/TroutGT/00853.png
Trout/Trout/00821.png,Trout/TroutGT/00821.png
Trout/Trout/00243.png,Trout/TroutGT/00243.png
Trout/Trout/00803.png,Trout/TroutGT/00803.png
Trout/Trout/00172.png,Trout/TroutGT/00172.png
Trout/Trout/00845.png,Trout/TroutGT/00845.png
Trout/Trout/00360.png,Trout/TroutGT/00360.png
Trout/Trout/00548.png,Trout/TroutGT/00548.png
Trout/Trout/00561.png,Trout/TroutGT/00561.png
Trout/Trout/00120.png,Trout/TroutGT/00120.png
Trout/Trout/00036.png,Trout/TroutGT/00036.png
Trout/Trout/00754.png,Trout/TroutGT/00754.png
Trout/Trout/00135.png,Trout/TroutGT/00135.png
Trout/Trout/00488.png,Trout/TroutGT/00488.png
Trout/Trout/00502.png,Trout/TroutGT/00502.png
Trout/Trout/00710.png,Trout/TroutGT/00710.png
Trout/Trout/00661.png,Trout/TroutGT/00661.png
Trout/Trout/00799.png,Trout/TroutGT/00799.png
Trout/Trout/00454.png,Trout/TroutGT/00454.png
Trout/Trout/00857.png,Trout/TroutGT/00857.png
Trout/Trout/00158.png,Trout/TroutGT/00158.png
Trout/Trout/00187.png,Trout/TroutGT/00187.png
Trout/Trout/00772.png,Trout/TroutGT/00772.png
Trout/Trout/00369.png,Trout/TroutGT/00369.png
Trout/Trout/00581.png,Trout/TroutGT/00581.png
Trout/Trout/00481.png,Trout/TroutGT/00481.png
Trout/Trout/00871.png,Trout/TroutGT/00871.png
Trout/Trout/00468.png,Trout/TroutGT/00468.png
Trout/Trout/00757.png,Trout/TroutGT/00757.png
Trout/Trout/00371.png,Trout/TroutGT/00371.png
Trout/Trout/00042.png,Trout/TroutGT/00042.png
Trout/Trout/00634.png,Trout/TroutGT/00634.png
Trout/Trout/00500.png,Trout/TroutGT/00500.png
Trout/Trout/00487.png,Trout/TroutGT/00487.png
Trout/Trout/00966.png,Trout/TroutGT/00966.png
Trout/Trout/00336.png,Trout/TroutGT/00336.png
Trout/Trout/00424.png,Trout/TroutGT/00424.png
Trout/Trout/00615.png,Trout/TroutGT/00615.png
Trout/Trout/00493.png,Trout/TroutGT/00493.png
Trout/Trout/00446.png,Trout/TroutGT/00446.png
Trout/Trout/00625.png,Trout/TroutGT/00625.png
Trout/Trout/00683.png,Trout/TroutGT/00683.png
Trout/Trout/00951.png,Trout/TroutGT/00951.png
Trout/Trout/00671.png,Trout/TroutGT/00671.png
Trout/Trout/00073.png,Trout/TroutGT/00073.png
Trout/Trout/00699.png,Trout/TroutGT/00699.png
Trout/Trout/00354.png,Trout/TroutGT/00354.png
Trout/Trout/00111.png,Trout/TroutGT/00111.png
Trout/Trout/00472.png,Trout/TroutGT/00472.png
Trout/Trout/00309.png,Trout/TroutGT/00309.png
Trout/Trout/00148.png,Trout/TroutGT/00148.png
Trout/Trout/00600.png,Trout/TroutGT/00600.png
Trout/Trout/00162.png,Trout/TroutGT/00162.png
Trout/Trout/00304.png,Trout/TroutGT/00304.png
Trout/Trout/00868.png,Trout/TroutGT/00868.png
Trout/Trout/00620.png,Trout/TroutGT/00620.png
Trout/Trout/00827.png,Trout/TroutGT/00827.png
Trout/Trout/00912.png,Trout/TroutGT/00912.png
Trout/Trout/00121.png,Trout/TroutGT/00121.png
Trout/Trout/00890.png,Trout/TroutGT/00890.png
Trout/Trout/00239.png,Trout/TroutGT/00239.png
Trout/Trout/00811.png,Trout/TroutGT/00811.png
Trout/Trout/00703.png,Trout/TroutGT/00703.png
Trout/Trout/00030.png,Trout/TroutGT/00030.png
Trout/Trout/00976.png,Trout/TroutGT/00976.png
Trout/Trout/00129.png,Trout/TroutGT/00129.png
Trout/Trout/00484.png,Trout/TroutGT/00484.png
Trout/Trout/00836.png,Trout/TroutGT/00836.png
Trout/Trout/00702.png,Trout/TroutGT/00702.png
Trout/Trout/00186.png,Trout/TroutGT/00186.png
Trout/Trout/00618.png,Trout/TroutGT/00618.png
Trout/Trout/00056.png,Trout/TroutGT/00056.png
Trout/Trout/00947.png,Trout/TroutGT/00947.png
Trout/Trout/00647.png,Trout/TroutGT/00647.png
Trout/Trout/00464.png,Trout/TroutGT/00464.png
Trout/Trout/00973.png,Trout/TroutGT/00973.png
Trout/Trout/00906.png,Trout/TroutGT/00906.png
Trout/Trout/00416.png,Trout/TroutGT/00416.png
Trout/Trout/00055.png,Trout/TroutGT/00055.png
Trout/Trout/00410.png,Trout/TroutGT/00410.png
Trout/Trout/00013.png,Trout/TroutGT/00013.png
Trout/Trout/00766.png,Trout/TroutGT/00766.png
Trout/Trout/00057.png,Trout/TroutGT/00057.png
Trout/Trout/00752.png,Trout/TroutGT/00752.png
Trout/Trout/00988.png,Trout/TroutGT/00988.png
Trout/Trout/00870.png,Trout/TroutGT/00870.png
Trout/Trout/00982.png,Trout/TroutGT/00982.png
Trout/Trout/00122.png,Trout/TroutGT/00122.png
Trout/Trout/00925.png,Trout/TroutGT/00925.png
Trout/Trout/00640.png,Trout/TroutGT/00640.png
Trout/Trout/00089.png,Trout/TroutGT/00089.png
Trout/Trout/00504.png,Trout/TroutGT/00504.png
Trout/Trout/00080.png,Trout/TroutGT/00080.png
Trout/Trout/00318.png,Trout/TroutGT/00318.png
Trout/Trout/00922.png,Trout/TroutGT/00922.png
Trout/Trout/00809.png,Trout/TroutGT/00809.png
Trout/Trout/00350.png,Trout/TroutGT/00350.png
Trout/Trout/00478.png,Trout/TroutGT/00478.png
Trout/Trout/00564.png,Trout/TroutGT/00564.png
Trout/Trout/00445.png,Trout/TroutGT/00445.png
Trout/Trout/00179.png,Trout/TroutGT/00179.png
Trout/Trout/00164.png,Trout/TroutGT/00164.png
Trout/Trout/00727.png,Trout/TroutGT/00727.png
Trout/Trout/00529.png,Trout/TroutGT/00529.png
Trout/Trout/00933.png,Trout/TroutGT/00933.png
Trout/Trout/00796.png,Trout/TroutGT/00796.png
Trout/Trout/00781.png,Trout/TroutGT/00781.png
Trout/Trout/00900.png,Trout/TroutGT/00900.png
Trout/Trout/00942.png,Trout/TroutGT/00942.png
Trout/Trout/00892.png,Trout/TroutGT/00892.png
Trout/Trout/00918.png,Trout/TroutGT/00918.png
Trout/Trout/00213.png,Trout/TroutGT/00213.png
Trout/Trout/00684.png,Trout/TroutGT/00684.png
Trout/Trout/00681.png,Trout/TroutGT/00681.png
Trout/Trout/00127.png,Trout/TroutGT/00127.png
Trout/Trout/00123.png,Trout/TroutGT/00123.png
Trout/Trout/00402.png,Trout/TroutGT/00402.png
Trout/Trout/00231.png,Trout/TroutGT/00231.png
Trout/Trout/00139.png,Trout/TroutGT/00139.png
Trout/Trout/00928.png,Trout/TroutGT/00928.png
Trout/Trout/00496.png,Trout/TroutGT/00496.png
Trout/Trout/00138.png,Trout/TroutGT/00138.png
Trout/Trout/00380.png,Trout/TroutGT/00380.png
Trout/Trout/00539.png,Trout/TroutGT/00539.png
Trout/Trout/00594.png,Trout/TroutGT/00594.png
Trout/Trout/00639.png,Trout/TroutGT/00639.png
Trout/Trout/00970.png,Trout/TroutGT/00970.png
Trout/Trout/00658.png,Trout/TroutGT/00658.png
Trout/Trout/00116.png,Trout/TroutGT/00116.png
Trout/Trout/00156.png,Trout/TroutGT/00156.png
Trout/Trout/00595.png,Trout/TroutGT/00595.png
Trout/Trout/00154.png,Trout/TroutGT/00154.png
Trout/Trout/00051.png,Trout/TroutGT/00051.png
Trout/Trout/00086.png,Trout/TroutGT/00086.png
Trout/Trout/00694.png,Trout/TroutGT/00694.png
Trout/Trout/00574.png,Trout/TroutGT/00574.png
Trout/Trout/00787.png,Trout/TroutGT/00787.png
Trout/Trout/00137.png,Trout/TroutGT/00137.png
Trout/Trout/00954.png,Trout/TroutGT/00954.png
Trout/Trout/00268.png,Trout/TroutGT/00268.png
Trout/Trout/00536.png,Trout/TroutGT/00536.png
Trout/Trout/00948.png,Trout/TroutGT/00948.png
Trout/Trout/00324.png,Trout/TroutGT/00324.png
Trout/Trout/00629.png,Trout/TroutGT/00629.png
Trout/Trout/00437.png,Trout/TroutGT/00437.png
Trout/Trout/00709.png,Trout/TroutGT/00709.png
Trout/Trout/00212.png,Trout/TroutGT/00212.png
Trout/Trout/00485.png,Trout/TroutGT/00485.png
Trout/Trout/00913.png,Trout/TroutGT/00913.png
Trout/Trout/00016.png,Trout/TroutGT/00016.png
Trout/Trout/00697.png,Trout/TroutGT/00697.png
Trout/Trout/00808.png,Trout/TroutGT/00808.png
Trout/Trout/00334.png,Trout/TroutGT/00334.png
Trout/Trout/00124.png,Trout/TroutGT/00124.png
Trout/Trout/00834.png,Trout/TroutGT/00834.png
Trout/Trout/00899.png,Trout/TroutGT/00899.png
Trout/Trout/00327.png,Trout/TroutGT/00327.png
Trout/Trout/00662.png,Trout/TroutGT/00662.png
Trout/Trout/00654.png,Trout/TroutGT/00654.png
Trout/Trout/00296.png,Trout/TroutGT/00296.png
Trout/Trout/00275.png,Trout/TroutGT/00275.png
Trout/Trout/00032.png,Trout/TroutGT/00032.png
Trout/Trout/00286.png,Trout/TroutGT/00286.png
Trout/Trout/00980.png,Trout/TroutGT/00980.png
Trout/Trout/00408.png,Trout/TroutGT/00408.png
Trout/Trout/00364.png,Trout/TroutGT/00364.png
Trout/Trout/00431.png,Trout/TroutGT/00431.png
Trout/Trout/00048.png,Trout/TroutGT/00048.png
Trout/Trout/00278.png,Trout/TroutGT/00278.png
Trout/Trout/00916.png,Trout/TroutGT/00916.png
Trout/Trout/00170.png,Trout/TroutGT/00170.png
Trout/Trout/00320.png,Trout/TroutGT/00320.png
Trout/Trout/00248.png,Trout/TroutGT/00248.png
Trout/Trout/00353.png,Trout/TroutGT/00353.png
Trout/Trout/00959.png,Trout/TroutGT/00959.png
Trout/Trout/00461.png,Trout/TroutGT/00461.png
Trout/Trout/00955.png,Trout/TroutGT/00955.png
Trout/Trout/00981.png,Trout/TroutGT/00981.png
Trout/Trout/00935.png,Trout/TroutGT/00935.png
Trout/Trout/00877.png,Trout/TroutGT/00877.png
Trout/Trout/00305.png,Trout/TroutGT/00305.png
Trout/Trout/00723.png,Trout/TroutGT/00723.png
Trout/Trout/00771.png,Trout/TroutGT/00771.png
Trout/Trout/00656.png,Trout/TroutGT/00656.png
Trout/Trout/00174.png,Trout/TroutGT/00174.png
Trout/Trout/00679.png,Trout/TroutGT/00679.png
Trout/Trout/00767.png,Trout/TroutGT/00767.png
Trout/Trout/00689.png,Trout/TroutGT/00689.png
Trout/Trout/00115.png,Trout/TroutGT/00115.png
Trout/Trout/00537.png,Trout/TroutGT/00537.png
Trout/Trout/00843.png,Trout/TroutGT/00843.png
Trout/Trout/00306.png,Trout/TroutGT/00306.png
Trout/Trout/00887.png,Trout/TroutGT/00887.png
Trout/Trout/00812.png,Trout/TroutGT/00812.png
Trout/Trout/00663.png,Trout/TroutGT/00663.png
Trout/Trout/00659.png,Trout/TroutGT/00659.png
Trout/Trout/00499.png,Trout/TroutGT/00499.png
Trout/Trout/00183.png,Trout/TroutGT/00183.png
Trout/Trout/00194.png,Trout/TroutGT/00194.png
Trout/Trout/00623.png,Trout/TroutGT/00623.png
Trout/Trout/00565.png,Trout/TroutGT/00565.png
Trout/Trout/00880.png,Trout/TroutGT/00880.png
Trout/Trout/00969.png,Trout/TroutGT/00969.png
Trout/Trout/00479.png,Trout/TroutGT/00479.png
Trout/Trout/00226.png,Trout/TroutGT/00226.png
Trout/Trout/00337.png,Trout/TroutGT/00337.png
Trout/Trout/00038.png,Trout/TroutGT/00038.png
Trout/Trout/00058.png,Trout/TroutGT/00058.png
Trout/Trout/00698.png,Trout/TroutGT/00698.png
Trout/Trout/00245.png,Trout/TroutGT/00245.png
Trout/Trout/00501.png,Trout/TroutGT/00501.png
Trout/Trout/00087.png,Trout/TroutGT/00087.png
Trout/Trout/00945.png,Trout/TroutGT/00945.png
Trout/Trout/00805.png,Trout/TroutGT/00805.png
Trout/Trout/00094.png,Trout/TroutGT/00094.png
Trout/Trout/00764.png,Trout/TroutGT/00764.png
Trout/Trout/00735.png,Trout/TroutGT/00735.png
Trout/Trout/00747.png,Trout/TroutGT/00747.png
Trout/Trout/00173.png,Trout/TroutGT/00173.png
Trout/Trout/00006.png,Trout/TroutGT/00006.png
Trout/Trout/00751.png,Trout/TroutGT/00751.png
Trout/Trout/00389.png,Trout/TroutGT/00389.png
Trout/Trout/00765.png,Trout/TroutGT/00765.png
Trout/Trout/00730.png,Trout/TroutGT/00730.png
Trout/Trout/00822.png,Trout/TroutGT/00822.png
Trout/Trout/00590.png,Trout/TroutGT/00590.png
Trout/Trout/00736.png,Trout/TroutGT/00736.png
Trout/Trout/00670.png,Trout/TroutGT/00670.png
Trout/Trout/00218.png,Trout/TroutGT/00218.png
Trout/Trout/00644.png,Trout/TroutGT/00644.png
Trout/Trout/00106.png,Trout/TroutGT/00106.png
Trout/Trout/00198.png,Trout/TroutGT/00198.png
Trout/Trout/00419.png,Trout/TroutGT/00419.png
Trout/Trout/00507.png,Trout/TroutGT/00507.png
Trout/Trout/00792.png,Trout/TroutGT/00792.png
Trout/Trout/00258.png,Trout/TroutGT/00258.png
Trout/Trout/00132.png,Trout/TroutGT/00132.png
Trout/Trout/00200.png,Trout/TroutGT/00200.png
Trout/Trout/00442.png,Trout/TroutGT/00442.png
Trout/Trout/00203.png,Trout/TroutGT/00203.png
Trout/Trout/00568.png,Trout/TroutGT/00568.png
Trout/Trout/00404.png,Trout/TroutGT/00404.png
Trout/Trout/00375.png,Trout/TroutGT/00375.png
Trout/Trout/00614.png,Trout/TroutGT/00614.png
Trout/Trout/00202.png,Trout/TroutGT/00202.png
Trout/Trout/00423.png,Trout/TroutGT/00423.png
Trout/Trout/00241.png,Trout/TroutGT/00241.png
Trout/Trout/00207.png,Trout/TroutGT/00207.png
Trout/Trout/00788.png,Trout/TroutGT/00788.png
Trout/Trout/00088.png,Trout/TroutGT/00088.png
Trout/Trout/00365.png,Trout/TroutGT/00365.png
Trout/Trout/00992.png,Trout/TroutGT/00992.png
Trout/Trout/00815.png,Trout/TroutGT/00815.png
Trout/Trout/00552.png,Trout/TroutGT/00552.png
Trout/Trout/00054.png,Trout/TroutGT/00054.png
Trout/Trout/00924.png,Trout/TroutGT/00924.png
Trout/Trout/00961.png,Trout/TroutGT/00961.png
Trout/Trout/00221.png,Trout/TroutGT/00221.png
Trout/Trout/00348.png,Trout/TroutGT/00348.png
Trout/Trout/00949.png,Trout/TroutGT/00949.png
Trout/Trout/00300.png,Trout/TroutGT/00300.png
Trout/Trout/00535.png,Trout/TroutGT/00535.png
Trout/Trout/00413.png,Trout/TroutGT/00413.png
Trout/Trout/00177.png,Trout/TroutGT/00177.png
Trout/Trout/00269.png,Trout/TroutGT/00269.png
Trout/Trout/00346.png,Trout/TroutGT/00346.png
Trout/Trout/00335.png,Trout/TroutGT/00335.png
Trout/Trout/00315.png,Trout/TroutGT/00315.png
Trout/Trout/00626.png,Trout/TroutGT/00626.png
Trout/Trout/00495.png,Trout/TroutGT/00495.png
Trout/Trout/00848.png,Trout/TroutGT/00848.png
Trout/Trout/00388.png,Trout/TroutGT/00388.png
Trout/Trout/00646.png,Trout/TroutGT/00646.png
Trout/Trout/00741.png,Trout/TroutGT/00741.png
Trout/Trout/00592.png,Trout/TroutGT/00592.png
Trout/Trout/00962.png,Trout/TroutGT/00962.png
Trout/Trout/00044.png,Trout/TroutGT/00044.png
Trout/Trout/00282.png,Trout/TroutGT/00282.png
Trout/Trout/00705.png,Trout/TroutGT/00705.png
Trout/Trout/00738.png,Trout/TroutGT/00738.png
Trout/Trout/00665.png,Trout/TroutGT/00665.png
Trout/Trout/00460.png,Trout/TroutGT/00460.png
Trout/Trout/00261.png,Trout/TroutGT/00261.png
Trout/Trout/00034.png,Trout/TroutGT/00034.png
Trout/Trout/00152.png,Trout/TroutGT/00152.png
Trout/Trout/00007.png,Trout/TroutGT/00007.png
Trout/Trout/00449.png,Trout/TroutGT/00449.png
Trout/Trout/00119.png,Trout/TroutGT/00119.png
Trout/Trout/00755.png,Trout/TroutGT/00755.png
Trout/Trout/00113.png,Trout/TroutGT/00113.png
Trout/Trout/00185.png,Trout/TroutGT/00185.png
Trout/Trout/00234.png,Trout/TroutGT/00234.png
Trout/Trout/00214.png,Trout/TroutGT/00214.png
Trout/Trout/00374.png,Trout/TroutGT/00374.png
Trout/Trout/00793.png,Trout/TroutGT/00793.png
Trout/Trout/00406.png,Trout/TroutGT/00406.png
Trout/Trout/00049.png,Trout/TroutGT/00049.png
Trout/Trout/00599.png,Trout/TroutGT/00599.png
Trout/Trout/00905.png,Trout/TroutGT/00905.png
Trout/Trout/00884.png,Trout/TroutGT/00884.png
Trout/Trout/00217.png,Trout/TroutGT/00217.png
Trout/Trout/00820.png,Trout/TroutGT/00820.png
Trout/Trout/00099.png,Trout/TroutGT/00099.png
Trout/Trout/00996.png,Trout/TroutGT/00996.png
Trout/Trout/00693.png,Trout/TroutGT/00693.png
Trout/Trout/00004.png,Trout/TroutGT/00004.png
Trout/Trout/00161.png,Trout/TroutGT/00161.png
Trout/Trout/00512.png,Trout/TroutGT/00512.png
Trout/Trout/00520.png,Trout/TroutGT/00520.png
Trout/Trout/00675.png,Trout/TroutGT/00675.png
Trout/Trout/00458.png,Trout/TroutGT/00458.png
Trout/Trout/00206.png,Trout/TroutGT/00206.png
Trout/Trout/00869.png,Trout/TroutGT/00869.png
Trout/Trout/00031.png,Trout/TroutGT/00031.png
Trout/Trout/00861.png,Trout/TroutGT/00861.png
Trout/Trout/00427.png,Trout/TroutGT/00427.png
Trout/Trout/00974.png,Trout/TroutGT/00974.png
Trout/Trout/00917.png,Trout/TroutGT/00917.png
Trout/Trout/00205.png,Trout/TroutGT/00205.png
Trout/Trout/00347.png,Trout/TroutGT/00347.png
Trout/Trout/00835.png,Trout/TroutGT/00835.png
Trout/Trout/00257.png,Trout/TroutGT/00257.png
Trout/Trout/00560.png,Trout/TroutGT/00560.png
Trout/Trout/00556.png,Trout/TroutGT/00556.png
Trout/Trout/00995.png,Trout/TroutGT/00995.png
Trout/Trout/00774.png,Trout/TroutGT/00774.png
Trout/Trout/00664.png,Trout/TroutGT/00664.png
Trout/Trout/00168.png,Trout/TroutGT/00168.png
Trout/Trout/00610.png,Trout/TroutGT/00610.png
Trout/Trout/00134.png,Trout/TroutGT/00134.png
Trout/Trout/00372.png,Trout/TroutGT/00372.png
Trout/Trout/00012.png,Trout/TroutGT/00012.png
Trout/Trout/00085.png,Trout/TroutGT/00085.png
Trout/Trout/00190.png,Trout/TroutGT/00190.png
Trout/Trout/00707.png,Trout/TroutGT/00707.png
Trout/Trout/00632.png,Trout/TroutGT/00632.png
Trout/Trout/00946.png,Trout/TroutGT/00946.png
Trout/Trout/00492.png,Trout/TroutGT/00492.png
Trout/Trout/00290.png,Trout/TroutGT/00290.png
Trout/Trout/00052.png,Trout/TroutGT/00052.png
Trout/Trout/00400.png,Trout/TroutGT/00400.png
Trout/Trout/00967.png,Trout/TroutGT/00967.png
Trout/Trout/00816.png,Trout/TroutGT/00816.png
Trout/Trout/00691.png,Trout/TroutGT/00691.png
Trout/Trout/00249.png,Trout/TroutGT/00249.png
Trout/Trout/00617.png,Trout/TroutGT/00617.png
Trout/Trout/00989.png,Trout/TroutGT/00989.png
Trout/Trout/00999.png,Trout/TroutGT/00999.png
Trout/Trout/00015.png,Trout/TroutGT/00015.png
Trout/Trout/00467.png,Trout/TroutGT/00467.png
Trout/Trout/00136.png,Trout/TroutGT/00136.png
Trout/Trout/00381.png,Trout/TroutGT/00381.png
Trout/Trout/00818.png,Trout/TroutGT/00818.png
Trout/Trout/00145.png,Trout/TroutGT/00145.png
Trout/Trout/00316.png,Trout/TroutGT/00316.png
Trout/Trout/00287.png,Trout/TroutGT/00287.png
Trout/Trout/00756.png,Trout/TroutGT/00756.png
Trout/Trout/00740.png,Trout/TroutGT/00740.png
Trout/Trout/00068.png,Trout/TroutGT/00068.png
Trout/Trout/00692.png,Trout/TroutGT/00692.png
Trout/Trout/00932.png,Trout/TroutGT/00932.png
Trout/Trout/00997.png,Trout/TroutGT/00997.png
Trout/Trout/00971.png,Trout/TroutGT/00971.png
Trout/Trout/00480.png,Trout/TroutGT/00480.png
Trout/Trout/00547.png,Trout/TroutGT/00547.png
Trout/Trout/00894.png,Trout/TroutGT/00894.png
Trout/Trout/00514.png,Trout/TroutGT/00514.png
Trout/Trout/00066.png,Trout/TroutGT/00066.png
Trout/Trout/00863.png,Trout/TroutGT/00863.png
Trout/Trout/00628.png,Trout/TroutGT/00628.png
Trout/Trout/00077.png,Trout/TroutGT/00077.png
Trout/Trout/00109.png,Trout/TroutGT/00109.png
Trout/Trout/00149.png,Trout/TroutGT/00149.png
Trout/Trout/00317.png,Trout/TroutGT/00317.png
Trout/Trout/00840.png,Trout/TroutGT/00840.png
Trout/Trout/00950.png,Trout/TroutGT/00950.png
Trout/Trout/00695.png,Trout/TroutGT/00695.png
Trout/Trout/00559.png,Trout/TroutGT/00559.png
Trout/Trout/01000.png,Trout/TroutGT/01000.png
Trout/Trout/00356.png,Trout/TroutGT/00356.png
Trout/Trout/00721.png,Trout/TroutGT/00721.png
Trout/Trout/00329.png,Trout/TroutGT/00329.png
Trout/Trout/00428.png,Trout/TroutGT/00428.png
Trout/Trout/00930.png,Trout/TroutGT/00930.png
Trout/Trout/00246.png,Trout/TroutGT/00246.png
Trout/Trout/00619.png,Trout/TroutGT/00619.png
Trout/Trout/00526.png,Trout/TroutGT/00526.png
Trout/Trout/00131.png,Trout/TroutGT/00131.png
Trout/Trout/00852.png,Trout/TroutGT/00852.png
Trout/Trout/00734.png,Trout/TroutGT/00734.png
Trout/Trout/00216.png,Trout/TroutGT/00216.png
Trout/Trout/00704.png,Trout/TroutGT/00704.png
Trout/Trout/00768.png,Trout/TroutGT/00768.png
Trout/Trout/00881.png,Trout/TroutGT/00881.png
Trout/Trout/00383.png,Trout/TroutGT/00383.png
Trout/Trout/00441.png,Trout/TroutGT/00441.png
Trout/Trout/00541.png,Trout/TroutGT/00541.png
Trout/Trout/00882.png,Trout/TroutGT/00882.png
Trout/Trout/00597.png,Trout/TroutGT/00597.png
Trout/Trout/00363.png,Trout/TroutGT/00363.png
Trout/Trout/00780.png,Trout/TroutGT/00780.png
Trout/Trout/00370.png,Trout/TroutGT/00370.png
Trout/Trout/00743.png,Trout/TroutGT/00743.png
Trout/Trout/00722.png,Trout/TroutGT/00722.png
Trout/Trout/00204.png,Trout/TroutGT/00204.png
Trout/Trout/00828.png,Trout/TroutGT/00828.png
Trout/Trout/00039.png,Trout/TroutGT/00039.png
Trout/Trout/00117.png,Trout/TroutGT/00117.png
Trout/Trout/00847.png,Trout/TroutGT/00847.png
Trout/Trout/00112.png,Trout/TroutGT/00112.png
Trout/Trout/00098.png,Trout/TroutGT/00098.png
Trout/Trout/00008.png,Trout/TroutGT/00008.png
Trout/Trout/00972.png,Trout/TroutGT/00972.png
Trout/Trout/00043.png,Trout/TroutGT/00043.png
Trout/Trout/00494.png,Trout/TroutGT/00494.png
Trout/Trout/00061.png,Trout/TroutGT/00061.png
Trout/Trout/00175.png,Trout/TroutGT/00175.png
Trout/Trout/00713.png,Trout/TroutGT/00713.png
Trout/Trout/00904.png,Trout/TroutGT/00904.png
Trout/Trout/00260.png,Trout/TroutGT/00260.png
Trout/Trout/00229.png,Trout/TroutGT/00229.png
Trout/Trout/00228.png,Trout/TroutGT/00228.png
Trout/Trout/00838.png,Trout/TroutGT/00838.png
Trout/Trout/00979.png,Trout/TroutGT/00979.png
Trout/Trout/00197.png,Trout/TroutGT/00197.png
Trout/Trout/00144.png,Trout/TroutGT/00144.png
Trout/Trout/00790.png,Trout/TroutGT/00790.png
Trout/Trout/00660.png,Trout/TroutGT/00660.png
Trout/Trout/00378.png,Trout/TroutGT/00378.png
Trout/Trout/00862.png,Trout/TroutGT/00862.png
Trout/Trout/00390.png,Trout/TroutGT/00390.png
Trout/Trout/00256.png,Trout/TroutGT/00256.png
Trout/Trout/00518.png,Trout/TroutGT/00518.png
Trout/Trout/00846.png,Trout/TroutGT/00846.png
Trout/Trout/00340.png,Trout/TroutGT/00340.png
Trout/Trout/00761.png,Trout/TroutGT/00761.png
Trout/Trout/00182.png,Trout/TroutGT/00182.png
Trout/Trout/00379.png,Trout/TroutGT/00379.png
Trout/Trout/00624.png,Trout/TroutGT/00624.png
Trout/Trout/00813.png,Trout/TroutGT/00813.png
Trout/Trout/00456.png,Trout/TroutGT/00456.png
Trout/Trout/00573.png,Trout/TroutGT/00573.png
Trout/Trout/00943.png,Trout/TroutGT/00943.png
Trout/Trout/00396.png,Trout/TroutGT/00396.png
Trout/Trout/00159.png,Trout/TroutGT/00159.png
Trout/Trout/00676.png,Trout/TroutGT/00676.png
Trout/Trout/00653.png,Trout/TroutGT/00653.png
Trout/Trout/00855.png,Trout/TroutGT/00855.png
Trout/Trout/00523.png,Trout/TroutGT/00523.png
Trout/Trout/00562.png,Trout/TroutGT/00562.png
Trout/Trout/00438.png,Trout/TroutGT/00438.png
Trout/Trout/00776.png,Trout/TroutGT/00776.png
Trout/Trout/00785.png,Trout/TroutGT/00785.png
Trout/Trout/00201.png,Trout/TroutGT/00201.png
Trout/Trout/00823.png,Trout/TroutGT/00823.png
Trout/Trout/00291.png,Trout/TroutGT/00291.png
Trout/Trout/00719.png,Trout/TroutGT/00719.png
Trout/Trout/00490.png,Trout/TroutGT/00490.png
Trout/Trout/00714.png,Trout/TroutGT/00714.png
Trout/Trout/00288.png,Trout/TroutGT/00288.png
Trout/Trout/00652.png,Trout/TroutGT/00652.png
Trout/Trout/00627.png,Trout/TroutGT/00627.png
Trout/Trout/00392.png,Trout/TroutGT/00392.png
Trout/Trout/00538.png,Trout/TroutGT/00538.png
Trout/Trout/00511.png,Trout/TroutGT/00511.png
Trout/Trout/00983.png,Trout/TroutGT/00983.png
Trout/Trout/00002.png,Trout/TroutGT/00002.png
Trout/Trout/00826.png,Trout/TroutGT/00826.png
Trout/Trout/00195.png,Trout/TroutGT/00195.png
Trout/Trout/00896.png,Trout/TroutGT/00896.png
Trout/Trout/00403.png,Trout/TroutGT/00403.png
Trout/Trout/00160.png,Trout/TroutGT/00160.png
Trout/Trout/00782.png,Trout/TroutGT/00782.png
Trout/Trout/00095.png,Trout/TroutGT/00095.png
Trout/Trout/00209.png,Trout/TroutGT/00209.png
Trout/Trout/00509.png,Trout/TroutGT/00509.png
Trout/Trout/00434.png,Trout/TroutGT/00434.png
Trout/Trout/00712.png,Trout/TroutGT/00712.png
Trout/Trout/00050.png,Trout/TroutGT/00050.png
Trout/Trout/00777.png,Trout/TroutGT/00777.png
Trout/Trout/00308.png,Trout/TroutGT/00308.png
Trout/Trout/00936.png,Trout/TroutGT/00936.png
Trout/Trout/00549.png,Trout/TroutGT/00549.png
Trout/Trout/00589.png,Trout/TroutGT/00589.png
Trout/Trout/00669.png,Trout/TroutGT/00669.png
Trout/Trout/00180.png,Trout/TroutGT/00180.png
Trout/Trout/00517.png,Trout/TroutGT/00517.png
Trout/Trout/00103.png,Trout/TroutGT/00103.png
Trout/Trout/00009.png,Trout/TroutGT/00009.png
Trout/Trout/00682.png,Trout/TroutGT/00682.png
Trout/Trout/00026.png,Trout/TroutGT/00026.png
Trout/Trout/00770.png,Trout/TroutGT/00770.png
Trout/Trout/00577.png,Trout/TroutGT/00577.png
Trout/Trout/00429.png,Trout/TroutGT/00429.png
Trout/Trout/00084.png,Trout/TroutGT/00084.png
Trout/Trout/00107.png,Trout/TroutGT/00107.png
Trout/Trout/00133.png,Trout/TroutGT/00133.png
Trout/Trout/00358.png,Trout/TroutGT/00358.png
Trout/Trout/00384.png,Trout/TroutGT/00384.png
Trout/Trout/00359.png,Trout/TroutGT/00359.png
Trout/Trout/00530.png,Trout/TroutGT/00530.png
Trout/Trout/00292.png,Trout/TroutGT/00292.png
Trout/Trout/00398.png,Trout/TroutGT/00398.png
Trout/Trout/00118.png,Trout/TroutGT/00118.png
Trout/Trout/00839.png,Trout/TroutGT/00839.png
Trout/Trout/00938.png,Trout/TroutGT/00938.png
Trout/Trout/00724.png,Trout/TroutGT/00724.png
Trout/Trout/00791.png,Trout/TroutGT/00791.png
Trout/Trout/00394.png,Trout/TroutGT/00394.png
Trout/Trout/00017.png,Trout/TroutGT/00017.png
Trout/Trout/00986.png,Trout/TroutGT/00986.png
Trout/Trout/00515.png,Trout/TroutGT/00515.png
Trout/Trout/00543.png,Trout/TroutGT/00543.png
Trout/Trout/00685.png,Trout/TroutGT/00685.png
Trout/Trout/00680.png,Trout/TroutGT/00680.png
Trout/Trout/00991.png,Trout/TroutGT/00991.png
Trout/Trout/00819.png,Trout/TroutGT/00819.png
Trout/Trout/00489.png,Trout/TroutGT/00489.png
Trout/Trout/00265.png,Trout/TroutGT/00265.png
Trout/Trout/00542.png,Trout/TroutGT/00542.png
Trout/Trout/00585.png,Trout/TroutGT/00585.png
Trout/Trout/00923.png,Trout/TroutGT/00923.png
Trout/Trout/00420.png,Trout/TroutGT/00420.png
Trout/Trout/00191.png,Trout/TroutGT/00191.png
Trout/Trout/00298.png,Trout/TroutGT/00298.png
Trout/Trout/00825.png,Trout/TroutGT/00825.png
Trout/Trout/00891.png,Trout/TroutGT/00891.png
Trout/Trout/00247.png,Trout/TroutGT/00247.png
Trout/Trout/00075.png,Trout/TroutGT/00075.png
Trout/Trout/00475.png,Trout/TroutGT/00475.png
Trout/Trout/00546.png,Trout/TroutGT/00546.png
Trout/Trout/00598.png,Trout/TroutGT/00598.png
Trout/Trout/00471.png,Trout/TroutGT/00471.png
Trout/Trout/00436.png,Trout/TroutGT/00436.png
Trout/Trout/00603.png,Trout/TroutGT/00603.png
Trout/Trout/00830.png,Trout/TroutGT/00830.png
Trout/Trout/00411.png,Trout/TroutGT/00411.png
Trout/Trout/00856.png,Trout/TroutGT/00856.png
Trout/Trout/00097.png,Trout/TroutGT/00097.png
Trout/Trout/00630.png,Trout/TroutGT/00630.png
Trout/Trout/00251.png,Trout/TroutGT/00251.png
Trout/Trout/00188.png,Trout/TroutGT/00188.png
Trout/Trout/00940.png,Trout/TroutGT/00940.png
