images,labels
Trout/Trout/00947.png,Trout/TroutGT/00947.png
Trout/Trout/00568.png,Trout/TroutGT/00568.png
Trout/Trout/00740.png,Trout/TroutGT/00740.png
Trout/Trout/00350.png,Trout/TroutGT/00350.png
Trout/Trout/00938.png,Trout/TroutGT/00938.png
Trout/Trout/00933.png,Trout/TroutGT/00933.png
Trout/Trout/00727.png,Trout/TroutGT/00727.png
Trout/Trout/00851.png,Trout/TroutGT/00851.png
Trout/Trout/00499.png,Trout/TroutGT/00499.png
Trout/Trout/00048.png,Trout/TroutGT/00048.png
Trout/Trout/00409.png,Trout/TroutGT/00409.png
Trout/Trout/00360.png,Trout/TroutGT/00360.png
Trout/Trout/00712.png,Trout/TroutGT/00712.png
Trout/Trout/00927.png,Trout/TroutGT/00927.png
Trout/Trout/00705.png,Trout/TroutGT/00705.png
Trout/Trout/00981.png,Trout/TroutGT/00981.png
Trout/Trout/00025.png,Trout/TroutGT/00025.png
Trout/Trout/00038.png,Trout/TroutGT/00038.png
Trout/Trout/00318.png,Trout/TroutGT/00318.png
Trout/Trout/00745.png,Trout/TroutGT/00745.png
Trout/Trout/00979.png,Trout/TroutGT/00979.png
Trout/Trout/00715.png,Trout/TroutGT/00715.png
Trout/Trout/00386.png,Trout/TroutGT/00386.png
Trout/Trout/00483.png,Trout/TroutGT/00483.png
Trout/Trout/00989.png,Trout/TroutGT/00989.png
Trout/Trout/00976.png,Trout/TroutGT/00976.png
Trout/Trout/00382.png,Trout/TroutGT/00382.png
Trout/Trout/00756.png,Trout/TroutGT/00756.png
Trout/Trout/00869.png,Trout/TroutGT/00869.png
Trout/Trout/00269.png,Trout/TroutGT/00269.png
Trout/Trout/00874.png,Trout/TroutGT/00874.png
Trout/Trout/00662.png,Trout/TroutGT/00662.png
Trout/Trout/00205.png,Trout/TroutGT/00205.png
Trout/Trout/00248.png,Trout/TroutGT/00248.png
Trout/Trout/00557.png,Trout/TroutGT/00557.png
Trout/Trout/00445.png,Trout/TroutGT/00445.png
Trout/Trout/00759.png,Trout/TroutGT/00759.png
Trout/Trout/00661.png,Trout/TroutGT/00661.png
Trout/Trout/00454.png,Trout/TroutGT/00454.png
Trout/Trout/00682.png,Trout/TroutGT/00682.png
Trout/Trout/00770.png,Trout/TroutGT/00770.png
Trout/Trout/00273.png,Trout/TroutGT/00273.png
Trout/Trout/00073.png,Trout/TroutGT/00073.png
Trout/Trout/00005.png,Trout/TroutGT/00005.png
Trout/Trout/00892.png,Trout/TroutGT/00892.png
Trout/Trout/00631.png,Trout/TroutGT/00631.png
Trout/Trout/00417.png,Trout/TroutGT/00417.png
Trout/Trout/00952.png,Trout/TroutGT/00952.png
Trout/Trout/00887.png,Trout/TroutGT/00887.png
Trout/Trout/00340.png,Trout/TroutGT/00340.png
Trout/Trout/00296.png,Trout/TroutGT/00296.png
Trout/Trout/00776.png,Trout/TroutGT/00776.png
Trout/Trout/00469.png,Trout/TroutGT/00469.png
Trout/Trout/00027.png,Trout/TroutGT/00027.png
Trout/Trout/00734.png,Trout/TroutGT/00734.png
Trout/Trout/00945.png,Trout/TroutGT/00945.png
Trout/Trout/00771.png,Trout/TroutGT/00771.png
Trout/Trout/00612.png,Trout/TroutGT/00612.png
Trout/Trout/00476.png,Trout/TroutGT/00476.png
Trout/Trout/00308.png,Trout/TroutGT/00308.png
Trout/Trout/00030.png,Trout/TroutGT/00030.png
Trout/Trout/00040.png,Trout/TroutGT/00040.png
Trout/Trout/00888.png,Trout/TroutGT/00888.png
Trout/Trout/00358.png,Trout/TroutGT/00358.png
Trout/Trout/00520.png,Trout/TroutGT/00520.png
Trout/Trout/00431.png,Trout/TroutGT/00431.png
Trout/Trout/00919.png,Trout/TroutGT/00919.png
Trout/Trout/00337.png,Trout/TroutGT/00337.png
Trout/Trout/00526.png,Trout/TroutGT/00526.png
Trout/Trout/00202.png,Trout/TroutGT/00202.png
Trout/Trout/00590.png,Trout/TroutGT/00590.png
Trout/Trout/00846.png,Trout/TroutGT/00846.png
Trout/Trout/00379.png,Trout/TroutGT/00379.png
Trout/Trout/00291.png,Trout/TroutGT/00291.png
Trout/Trout/00162.png,Trout/TroutGT/00162.png
Trout/Trout/00457.png,Trout/TroutGT/00457.png
Trout/Trout/00509.png,Trout/TroutGT/00509.png
Trout/Trout/00339.png,Trout/TroutGT/00339.png
Trout/Trout/00962.png,Trout/TroutGT/00962.png
Trout/Trout/00503.png,Trout/TroutGT/00503.png
Trout/Trout/00440.png,Trout/TroutGT/00440.png
Trout/Trout/00929.png,Trout/TroutGT/00929.png
Trout/Trout/00946.png,Trout/TroutGT/00946.png
Trout/Trout/00702.png,Trout/TroutGT/00702.png
Trout/Trout/00135.png,Trout/TroutGT/00135.png
Trout/Trout/00236.png,Trout/TroutGT/00236.png
Trout/Trout/00394.png,Trout/TroutGT/00394.png
Trout/Trout/00288.png,Trout/TroutGT/00288.png
Trout/Trout/00449.png,Trout/TroutGT/00449.png
Trout/Trout/00173.png,Trout/TroutGT/00173.png
Trout/Trout/00681.png,Trout/TroutGT/00681.png
Trout/Trout/00722.png,Trout/TroutGT/00722.png
Trout/Trout/00006.png,Trout/TroutGT/00006.png
Trout/Trout/00960.png,Trout/TroutGT/00960.png
Trout/Trout/00481.png,Trout/TroutGT/00481.png
Trout/Trout/00868.png,Trout/TroutGT/00868.png
Trout/Trout/00679.png,Trout/TroutGT/00679.png
Trout/Trout/00710.png,Trout/TroutGT/00710.png
Trout/Trout/00329.png,Trout/TroutGT/00329.png
Trout/Trout/00372.png,Trout/TroutGT/00372.png
Trout/Trout/00328.png,Trout/TroutGT/00328.png
Trout/Trout/00287.png,Trout/TroutGT/00287.png
Trout/Trout/00396.png,Trout/TroutGT/00396.png
Trout/Trout/00442.png,Trout/TroutGT/00442.png
Trout/Trout/00644.png,Trout/TroutGT/00644.png
Trout/Trout/00317.png,Trout/TroutGT/00317.png
Trout/Trout/00783.png,Trout/TroutGT/00783.png
Trout/Trout/00505.png,Trout/TroutGT/00505.png
Trout/Trout/00116.png,Trout/TroutGT/00116.png
Trout/Trout/00733.png,Trout/TroutGT/00733.png
Trout/Trout/00462.png,Trout/TroutGT/00462.png
Trout/Trout/00860.png,Trout/TroutGT/00860.png
Trout/Trout/00219.png,Trout/TroutGT/00219.png
Trout/Trout/00362.png,Trout/TroutGT/00362.png
Trout/Trout/00856.png,Trout/TroutGT/00856.png
Trout/Trout/00336.png,Trout/TroutGT/00336.png
Trout/Trout/00238.png,Trout/TroutGT/00238.png
Trout/Trout/00137.png,Trout/TroutGT/00137.png
Trout/Trout/00863.png,Trout/TroutGT/00863.png
Trout/Trout/00004.png,Trout/TroutGT/00004.png
Trout/Trout/00098.png,Trout/TroutGT/00098.png
Trout/Trout/00374.png,Trout/TroutGT/00374.png
Trout/Trout/00058.png,Trout/TroutGT/00058.png
Trout/Trout/00141.png,Trout/TroutGT/00141.png
Trout/Trout/00102.png,Trout/TroutGT/00102.png
Trout/Trout/00582.png,Trout/TroutGT/00582.png
Trout/Trout/00255.png,Trout/TroutGT/00255.png
Trout/Trout/00055.png,Trout/TroutGT/00055.png
Trout/Trout/00322.png,Trout/TroutGT/00322.png
Trout/Trout/00610.png,Trout/TroutGT/00610.png
Trout/Trout/00652.png,Trout/TroutGT/00652.png
Trout/Trout/00283.png,Trout/TroutGT/00283.png
Trout/Trout/00507.png,Trout/TroutGT/00507.png
Trout/Trout/00772.png,Trout/TroutGT/00772.png
Trout/Trout/00895.png,Trout/TroutGT/00895.png
Trout/Trout/00115.png,Trout/TroutGT/00115.png
Trout/Trout/00589.png,Trout/TroutGT/00589.png
Trout/Trout/00018.png,Trout/TroutGT/00018.png
Trout/Trout/00222.png,Trout/TroutGT/00222.png
Trout/Trout/00082.png,Trout/TroutGT/00082.png
Trout/Trout/00999.png,Trout/TroutGT/00999.png
Trout/Trout/00730.png,Trout/TroutGT/00730.png
Trout/Trout/00348.png,Trout/TroutGT/00348.png
Trout/Trout/00861.png,Trout/TroutGT/00861.png
Trout/Trout/00948.png,Trout/TroutGT/00948.png
Trout/Trout/00204.png,Trout/TroutGT/00204.png
Trout/Trout/00529.png,Trout/TroutGT/00529.png
Trout/Trout/00975.png,Trout/TroutGT/00975.png
Trout/Trout/00573.png,Trout/TroutGT/00573.png
Trout/Trout/00270.png,Trout/TroutGT/00270.png
Trout/Trout/00101.png,Trout/TroutGT/00101.png
Trout/Trout/00424.png,Trout/TroutGT/00424.png
Trout/Trout/00991.png,Trout/TroutGT/00991.png
Trout/Trout/00017.png,Trout/TroutGT/00017.png
Trout/Trout/00341.png,Trout/TroutGT/00341.png
Trout/Trout/00624.png,Trout/TroutGT/00624.png
Trout/Trout/00574.png,Trout/TroutGT/00574.png
Trout/Trout/00993.png,Trout/TroutGT/00993.png
Trout/Trout/00752.png,Trout/TroutGT/00752.png
Trout/Trout/00185.png,Trout/TroutGT/00185.png
Trout/Trout/00175.png,Trout/TroutGT/00175.png
Trout/Trout/00182.png,Trout/TroutGT/00182.png
Trout/Trout/00918.png,Trout/TroutGT/00918.png
Trout/Trout/00285.png,Trout/TroutGT/00285.png
Trout/Trout/00578.png,Trout/TroutGT/00578.png
Trout/Trout/01000.png,Trout/TroutGT/01000.png
Trout/Trout/00689.png,Trout/TroutGT/00689.png
Trout/Trout/00790.png,Trout/TroutGT/00790.png
Trout/Trout/00562.png,Trout/TroutGT/00562.png
Trout/Trout/00122.png,Trout/TroutGT/00122.png
Trout/Trout/00560.png,Trout/TroutGT/00560.png
Trout/Trout/00822.png,Trout/TroutGT/00822.png
Trout/Trout/00634.png,Trout/TroutGT/00634.png
Trout/Trout/00316.png,Trout/TroutGT/00316.png
Trout/Trout/00965.png,Trout/TroutGT/00965.png
Trout/Trout/00980.png,Trout/TroutGT/00980.png
Trout/Trout/00836.png,Trout/TroutGT/00836.png
Trout/Trout/00043.png,Trout/TroutGT/00043.png
Trout/Trout/00403.png,Trout/TroutGT/00403.png
Trout/Trout/00187.png,Trout/TroutGT/00187.png
Trout/Trout/00788.png,Trout/TroutGT/00788.png
Trout/Trout/00896.png,Trout/TroutGT/00896.png
Trout/Trout/00109.png,Trout/TroutGT/00109.png
Trout/Trout/00130.png,Trout/TroutGT/00130.png
Trout/Trout/00821.png,Trout/TroutGT/00821.png
Trout/Trout/00812.png,Trout/TroutGT/00812.png
Trout/Trout/00085.png,Trout/TroutGT/00085.png
Trout/Trout/00275.png,Trout/TroutGT/00275.png
Trout/Trout/00391.png,Trout/TroutGT/00391.png
Trout/Trout/00894.png,Trout/TroutGT/00894.png
Trout/Trout/00485.png,Trout/TroutGT/00485.png
Trout/Trout/00188.png,Trout/TroutGT/00188.png
Trout/Trout/00834.png,Trout/TroutGT/00834.png
Trout/Trout/00847.png,Trout/TroutGT/00847.png
Trout/Trout/00577.png,Trout/TroutGT/00577.png
Trout/Trout/00683.png,Trout/TroutGT/00683.png
Trout/Trout/00428.png,Trout/TroutGT/00428.png
Trout/Trout/00882.png,Trout/TroutGT/00882.png
Trout/Trout/00983.png,Trout/TroutGT/00983.png
Trout/Trout/00523.png,Trout/TroutGT/00523.png
Trout/Trout/00986.png,Trout/TroutGT/00986.png
Trout/Trout/00106.png,Trout/TroutGT/00106.png
Trout/Trout/00260.png,Trout/TroutGT/00260.png
Trout/Trout/00852.png,Trout/TroutGT/00852.png
Trout/Trout/00971.png,Trout/TroutGT/00971.png
Trout/Trout/00800.png,Trout/TroutGT/00800.png
Trout/Trout/00332.png,Trout/TroutGT/00332.png
Trout/Trout/00049.png,Trout/TroutGT/00049.png
Trout/Trout/00095.png,Trout/TroutGT/00095.png
Trout/Trout/00304.png,Trout/TroutGT/00304.png
Trout/Trout/00504.png,Trout/TroutGT/00504.png
Trout/Trout/00556.png,Trout/TroutGT/00556.png
Trout/Trout/00157.png,Trout/TroutGT/00157.png
Trout/Trout/00972.png,Trout/TroutGT/00972.png
Trout/Trout/00753.png,Trout/TroutGT/00753.png
Trout/Trout/00806.png,Trout/TroutGT/00806.png
Trout/Trout/00619.png,Trout/TroutGT/00619.png
Trout/Trout/00881.png,Trout/TroutGT/00881.png
Trout/Trout/00448.png,Trout/TroutGT/00448.png
Trout/Trout/00335.png,Trout/TroutGT/00335.png
Trout/Trout/00252.png,Trout/TroutGT/00252.png
Trout/Trout/00671.png,Trout/TroutGT/00671.png
Trout/Trout/00104.png,Trout/TroutGT/00104.png
Trout/Trout/00736.png,Trout/TroutGT/00736.png
Trout/Trout/00508.png,Trout/TroutGT/00508.png
Trout/Trout/00599.png,Trout/TroutGT/00599.png
Trout/Trout/00213.png,Trout/TroutGT/00213.png
Trout/Trout/00309.png,Trout/TroutGT/00309.png
Trout/Trout/00478.png,Trout/TroutGT/00478.png
Trout/Trout/00489.png,Trout/TroutGT/00489.png
Trout/Trout/00289.png,Trout/TroutGT/00289.png
Trout/Trout/00226.png,Trout/TroutGT/00226.png
Trout/Trout/00241.png,Trout/TroutGT/00241.png
Trout/Trout/00423.png,Trout/TroutGT/00423.png
Trout/Trout/00704.png,Trout/TroutGT/00704.png
Trout/Trout/00365.png,Trout/TroutGT/00365.png
Trout/Trout/00452.png,Trout/TroutGT/00452.png
Trout/Trout/00408.png,Trout/TroutGT/00408.png
Trout/Trout/00177.png,Trout/TroutGT/00177.png
Trout/Trout/00857.png,Trout/TroutGT/00857.png
